[{"model": "admin.logentry", "pk": 1, "fields": {"action_time": "2022-08-16T09:22:26.125Z", "user": 3, "content_type": 11, "object_id": "2", "object_repr": "ФКТВТиЭ", "action_flag": 1, "change_message": "[{\"added\": {}}]"}}, {"model": "admin.logentry", "pk": 2, "fields": {"action_time": "2022-08-16T09:22:33.229Z", "user": 3, "content_type": 11, "object_id": "3", "object_repr": "ФИСвЭиУ", "action_flag": 1, "change_message": "[{\"added\": {}}]"}}, {"model": "admin.logentry", "pk": 3, "fields": {"action_time": "2022-08-16T09:22:41.262Z", "user": 3, "content_type": 11, "object_id": "4", "object_repr": "ФРТиМТ", "action_flag": 1, "change_message": "[{\"added\": {}}]"}}, {"model": "admin.logentry", "pk": 4, "fields": {"action_time": "2022-08-16T09:22:45.343Z", "user": 3, "content_type": 11, "object_id": "5", "object_repr": "ФНГиП", "action_flag": 1, "change_message": "[{\"added\": {}}]"}}, {"model": "admin.logentry", "pk": 5, "fields": {"action_time": "2022-08-16T09:22:49.143Z", "user": 3, "content_type": 11, "object_id": "6", "object_repr": "ФПиУТ", "action_flag": 1, "change_message": "[{\"added\": {}}]"}}, {"model": "admin.logentry", "pk": 6, "fields": {"action_time": "2022-08-16T09:22:54.527Z", "user": 3, "content_type": 11, "object_id": "7", "object_repr": "АСФ", "action_flag": 1, "change_message": "[{\"added\": {}}]"}}, {"model": "admin.logentry", "pk": 7, "fields": {"action_time": "2022-08-16T09:22:59.319Z", "user": 3, "content_type": 11, "object_id": "8", "object_repr": "ТФ", "action_flag": 1, "change_message": "[{\"added\": {}}]"}}, {"model": "admin.logentry", "pk": 8, "fields": {"action_time": "2022-08-16T09:23:03.337Z", "user": 3, "content_type": 11, "object_id": "9", "object_repr": "ФМП", "action_flag": 1, "change_message": "[{\"added\": {}}]"}}, {"model": "admin.logentry", "pk": 9, "fields": {"action_time": "2022-08-16T09:23:07.241Z", "user": 3, "content_type": 11, "object_id": "10", "object_repr": "ФСПО", "action_flag": 1, "change_message": "[{\"added\": {}}]"}}, {"model": "admin.logentry", "pk": 10, "fields": {"action_time": "2022-08-16T09:23:11.408Z", "user": 3, "content_type": 11, "object_id": "11", "object_repr": "Филиал в г. Каспийске", "action_flag": 1, "change_message": "[{\"added\": {}}]"}}, {"model": "admin.logentry", "pk": 11, "fields": {"action_time": "2022-08-16T09:23:15.980Z", "user": 3, "content_type": 11, "object_id": "12", "object_repr": "Филиал в г. Дербенте", "action_flag": 1, "change_message": "[{\"added\": {}}]"}}, {"model": "admin.logentry", "pk": 12, "fields": {"action_time": "2022-08-16T09:23:20.263Z", "user": 3, "content_type": 11, "object_id": "13", "object_repr": "Филиал в г. Кизляре", "action_flag": 1, "change_message": "[{\"added\": {}}]"}}, {"model": "admin.logentry", "pk": 13, "fields": {"action_time": "2022-08-16T09:23:58.767Z", "user": 3, "content_type": 12, "object_id": "2", "object_repr": "У933", "action_flag": 1, "change_message": "[{\"added\": {}}]"}}, {"model": "admin.logentry", "pk": 14, "fields": {"action_time": "2022-08-16T14:52:00.881Z", "user": 3, "content_type": 12, "object_id": "3", "object_repr": "У936", "action_flag": 1, "change_message": "[{\"added\": {}}]"}}, {"model": "admin.logentry", "pk": 15, "fields": {"action_time": "2022-08-16T15:46:12.429Z", "user": 3, "content_type": 11, "object_id": "14", "object_repr": "root", "action_flag": 1, "change_message": "[{\"added\": {}}]"}}, {"model": "admin.logentry", "pk": 16, "fields": {"action_time": "2022-08-16T15:46:44.158Z", "user": 3, "content_type": 12, "object_id": "4", "object_repr": "root", "action_flag": 1, "change_message": "[{\"added\": {}}]"}}, {"model": "admin.logentry", "pk": 17, "fields": {"action_time": "2022-08-16T15:49:47.292Z", "user": 3, "content_type": 10, "object_id": "3", "object_repr": "root", "action_flag": 2, "change_message": "[{\"changed\": {\"fields\": [\"Group\"]}}]"}}, {"model": "admin.logentry", "pk": 18, "fields": {"action_time": "2022-08-16T15:50:00.366Z", "user": 3, "content_type": 10, "object_id": "4", "object_repr": "test", "action_flag": 3, "change_message": ""}}, {"model": "admin.logentry", "pk": 19, "fields": {"action_time": "2022-08-16T15:50:53.036Z", "user": 3, "content_type": 10, "object_id": "3", "object_repr": "root", "action_flag": 2, "change_message": "[{\"changed\": {\"fields\": [\"Group\"]}}]"}}, {"model": "admin.logentry", "pk": 20, "fields": {"action_time": "2022-08-16T15:51:07.899Z", "user": 3, "content_type": 10, "object_id": "3", "object_repr": "root", "action_flag": 2, "change_message": "[]"}}, {"model": "admin.logentry", "pk": 21, "fields": {"action_time": "2022-08-16T15:59:08.014Z", "user": 3, "content_type": 10, "object_id": "3", "object_repr": "qqqq", "action_flag": 2, "change_message": "[{\"changed\": {\"fields\": [\"Username\"]}}]"}}, {"model": "admin.logentry", "pk": 22, "fields": {"action_time": "2022-08-16T16:01:04.583Z", "user": 3, "content_type": 10, "object_id": "3", "object_repr": "root", "action_flag": 2, "change_message": "[{\"changed\": {\"fields\": [\"Username\"]}}]"}}, {"model": "admin.logentry", "pk": 23, "fields": {"action_time": "2022-08-17T18:09:25.158Z", "user": 3, "content_type": 12, "object_id": "5", "object_repr": "У033", "action_flag": 1, "change_message": "[{\"added\": {}}]"}}, {"model": "admin.logentry", "pk": 24, "fields": {"action_time": "2022-08-17T18:09:29.887Z", "user": 3, "content_type": 12, "object_id": "6", "object_repr": "У133", "action_flag": 1, "change_message": "[{\"added\": {}}]"}}, {"model": "admin.logentry", "pk": 25, "fields": {"action_time": "2022-08-17T18:09:35.014Z", "user": 3, "content_type": 12, "object_id": "7", "object_repr": "У233", "action_flag": 1, "change_message": "[{\"added\": {}}]"}}, {"model": "admin.logentry", "pk": 26, "fields": {"action_time": "2022-08-17T18:10:00.471Z", "user": 3, "content_type": 12, "object_id": "8", "object_repr": "У851", "action_flag": 1, "change_message": "[{\"added\": {}}]"}}, {"model": "admin.logentry", "pk": 27, "fields": {"action_time": "2022-08-17T18:10:41.647Z", "user": 3, "content_type": 10, "object_id": "3", "object_repr": "root", "action_flag": 2, "change_message": "[{\"changed\": {\"fields\": [\"password\"]}}]"}}, {"model": "admin.logentry", "pk": 28, "fields": {"action_time": "2022-08-18T06:44:32.398Z", "user": 3, "content_type": 12, "object_id": "2", "object_repr": "У933 РПИС", "action_flag": 2, "change_message": "[{\"changed\": {\"fields\": [\"Name\"]}}]"}}, {"model": "admin.logentry", "pk": 29, "fields": {"action_time": "2022-08-18T06:48:19.455Z", "user": 3, "content_type": 12, "object_id": "5", "object_repr": "У033 РПИС", "action_flag": 2, "change_message": "[{\"changed\": {\"fields\": [\"Name\"]}}]"}}, {"model": "admin.logentry", "pk": 30, "fields": {"action_time": "2022-08-18T06:48:24.714Z", "user": 3, "content_type": 12, "object_id": "6", "object_repr": "У133 РПИС", "action_flag": 2, "change_message": "[{\"changed\": {\"fields\": [\"Name\"]}}]"}}, {"model": "admin.logentry", "pk": 31, "fields": {"action_time": "2022-08-18T06:48:29.194Z", "user": 3, "content_type": 12, "object_id": "7", "object_repr": "У233 РПИС", "action_flag": 2, "change_message": "[{\"changed\": {\"fields\": [\"Name\"]}}]"}}, {"model": "admin.logentry", "pk": 32, "fields": {"action_time": "2022-08-18T06:49:17.983Z", "user": 3, "content_type": 12, "object_id": "8", "object_repr": "У851 ИБАС", "action_flag": 2, "change_message": "[{\"changed\": {\"fields\": [\"Name\"]}}]"}}, {"model": "admin.logentry", "pk": 33, "fields": {"action_time": "2022-08-18T06:49:25.416Z", "user": 3, "content_type": 12, "object_id": "9", "object_repr": "У951 ИБАС", "action_flag": 1, "change_message": "[{\"added\": {}}]"}}, {"model": "admin.logentry", "pk": 34, "fields": {"action_time": "2022-08-18T06:49:35.446Z", "user": 3, "content_type": 12, "object_id": "10", "object_repr": "У051 ИБАС", "action_flag": 1, "change_message": "[{\"added\": {}}]"}}, {"model": "admin.logentry", "pk": 35, "fields": {"action_time": "2022-08-18T06:49:47.492Z", "user": 3, "content_type": 12, "object_id": "11", "object_repr": "У151 ИБАС", "action_flag": 1, "change_message": "[{\"added\": {}}]"}}, {"model": "admin.logentry", "pk": 36, "fields": {"action_time": "2022-08-18T06:49:56.108Z", "user": 3, "content_type": 12, "object_id": "12", "object_repr": "У251 ИБАС", "action_flag": 1, "change_message": "[{\"added\": {}}]"}}, {"model": "admin.logentry", "pk": 37, "fields": {"action_time": "2022-08-18T06:50:12.930Z", "user": 3, "content_type": 12, "object_id": "13", "object_repr": "У136 БАС", "action_flag": 1, "change_message": "[{\"added\": {}}]"}}, {"model": "admin.logentry", "pk": 38, "fields": {"action_time": "2022-08-18T06:50:52.002Z", "user": 3, "content_type": 12, "object_id": "3", "object_repr": "У936 БАС", "action_flag": 2, "change_message": "[{\"changed\": {\"fields\": [\"Name\"]}}]"}}, {"model": "admin.logentry", "pk": 39, "fields": {"action_time": "2022-08-18T06:52:58.852Z", "user": 3, "content_type": 12, "object_id": "14", "object_repr": "У135 ЭЭСиС", "action_flag": 1, "change_message": "[{\"added\": {}}]"}}, {"model": "admin.logentry", "pk": 40, "fields": {"action_time": "2022-08-18T06:53:11.454Z", "user": 3, "content_type": 12, "object_id": "15", "object_repr": "У035 ЭЭСиС", "action_flag": 1, "change_message": "[{\"added\": {}}]"}}, {"model": "admin.logentry", "pk": 41, "fields": {"action_time": "2022-08-18T06:53:23.536Z", "user": 3, "content_type": 12, "object_id": "16", "object_repr": "У935 ЭЭСиС", "action_flag": 1, "change_message": "[{\"added\": {}}]"}}, {"model": "admin.logentry", "pk": 42, "fields": {"action_time": "2022-08-18T06:53:32.702Z", "user": 3, "content_type": 12, "object_id": "17", "object_repr": "У835 ЭЭСиС", "action_flag": 1, "change_message": "[{\"added\": {}}]"}}, {"model": "admin.logentry", "pk": 43, "fields": {"action_time": "2022-08-18T06:53:37.281Z", "user": 3, "content_type": 12, "object_id": "18", "object_repr": "У235 ЭЭСиС", "action_flag": 1, "change_message": "[{\"added\": {}}]"}}, {"model": "admin.logentry", "pk": 44, "fields": {"action_time": "2022-08-18T06:55:40.978Z", "user": 3, "content_type": 12, "object_id": "19", "object_repr": "У132 ВМКСиС", "action_flag": 1, "change_message": "[{\"added\": {}}]"}}, {"model": "admin.logentry", "pk": 45, "fields": {"action_time": "2022-08-18T06:55:48.811Z", "user": 3, "content_type": 12, "object_id": "20", "object_repr": "У232 ВМКСиС", "action_flag": 1, "change_message": "[{\"added\": {}}]"}}, {"model": "admin.logentry", "pk": 46, "fields": {"action_time": "2022-08-18T06:56:01.043Z", "user": 3, "content_type": 12, "object_id": "21", "object_repr": "У032 ВМКСиС", "action_flag": 1, "change_message": "[{\"added\": {}}]"}}, {"model": "admin.logentry", "pk": 47, "fields": {"action_time": "2022-08-18T06:56:06.661Z", "user": 3, "content_type": 12, "object_id": "22", "object_repr": "У932 ВМКСиС", "action_flag": 1, "change_message": "[{\"added\": {}}]"}}, {"model": "admin.logentry", "pk": 48, "fields": {"action_time": "2022-08-18T06:56:15.577Z", "user": 3, "content_type": 12, "object_id": "23", "object_repr": "У832 ВМКСиС", "action_flag": 1, "change_message": "[{\"added\": {}}]"}}, {"model": "admin.logentry", "pk": 49, "fields": {"action_time": "2022-08-18T06:56:37.293Z", "user": 3, "content_type": 12, "object_id": "24", "object_repr": "У134 СПиКТ", "action_flag": 1, "change_message": "[{\"added\": {}}]"}}, {"model": "admin.logentry", "pk": 50, "fields": {"action_time": "2022-08-18T06:56:42.262Z", "user": 3, "content_type": 12, "object_id": "25", "object_repr": "У034 СПиКТ", "action_flag": 1, "change_message": "[{\"added\": {}}]"}}, {"model": "admin.logentry", "pk": 51, "fields": {"action_time": "2022-08-18T06:56:46.332Z", "user": 3, "content_type": 12, "object_id": "26", "object_repr": "У234 СПиКТ", "action_flag": 1, "change_message": "[{\"added\": {}}]"}}, {"model": "admin.logentry", "pk": 52, "fields": {"action_time": "2022-08-18T06:56:52.144Z", "user": 3, "content_type": 12, "object_id": "27", "object_repr": "У934 СПиКТ", "action_flag": 1, "change_message": "[{\"added\": {}}]"}}, {"model": "admin.logentry", "pk": 53, "fields": {"action_time": "2022-08-18T06:56:59.875Z", "user": 3, "content_type": 12, "object_id": "28", "object_repr": "У834 СПиКТ", "action_flag": 1, "change_message": "[{\"added\": {}}]"}}, {"model": "admin.logentry", "pk": 54, "fields": {"action_time": "2022-08-18T06:58:01.949Z", "user": 3, "content_type": 12, "object_id": "29", "object_repr": "У931 УиТС", "action_flag": 1, "change_message": "[{\"added\": {}}]"}}, {"model": "admin.logentry", "pk": 55, "fields": {"action_time": "2022-08-18T06:58:07.518Z", "user": 3, "content_type": 12, "object_id": "30", "object_repr": "У831 УиТС", "action_flag": 1, "change_message": "[{\"added\": {}}]"}}, {"model": "admin.logentry", "pk": 56, "fields": {"action_time": "2022-08-18T06:58:11.667Z", "user": 3, "content_type": 12, "object_id": "31", "object_repr": "У231 УиТС", "action_flag": 1, "change_message": "[{\"added\": {}}]"}}, {"model": "admin.logentry", "pk": 57, "fields": {"action_time": "2022-08-18T06:59:35.595Z", "user": 3, "content_type": 12, "object_id": "32", "object_repr": "У236 БАС", "action_flag": 1, "change_message": "[{\"added\": {}}]"}}, {"model": "admin.logentry", "pk": 58, "fields": {"action_time": "2022-08-18T07:02:31.853Z", "user": 3, "content_type": 12, "object_id": "33", "object_repr": "И133 ПИвГИМУ", "action_flag": 1, "change_message": "[{\"added\": {}}]"}}, {"model": "admin.logentry", "pk": 59, "fields": {"action_time": "2022-08-18T07:03:59.936Z", "user": 3, "content_type": 12, "object_id": "34", "object_repr": "И133 ПИвЭ", "action_flag": 1, "change_message": "[{\"added\": {}}]"}}, {"model": "admin.logentry", "pk": 60, "fields": {"action_time": "2022-08-18T07:04:13.382Z", "user": 3, "content_type": 12, "object_id": "35", "object_repr": "И152 ТД", "action_flag": 1, "change_message": "[{\"added\": {}}]"}}, {"model": "admin.logentry", "pk": 61, "fields": {"action_time": "2022-08-18T07:04:30.936Z", "user": 3, "content_type": 12, "object_id": "36", "object_repr": "И132 БУАиА", "action_flag": 1, "change_message": "[{\"added\": {}}]"}}, {"model": "admin.logentry", "pk": 62, "fields": {"action_time": "2022-08-18T07:04:51.263Z", "user": 3, "content_type": 12, "object_id": "37", "object_repr": "И134 ЭПиО", "action_flag": 1, "change_message": "[{\"added\": {}}]"}}, {"model": "admin.logentry", "pk": 63, "fields": {"action_time": "2022-08-18T07:06:11.402Z", "user": 3, "content_type": 12, "object_id": "38", "object_repr": "Э032 ПИвГИМУ", "action_flag": 1, "change_message": "[{\"added\": {}}]"}}, {"model": "admin.logentry", "pk": 64, "fields": {"action_time": "2022-08-18T07:06:28.909Z", "user": 3, "content_type": 12, "object_id": "39", "object_repr": "И031 ПИвЭ", "action_flag": 1, "change_message": "[{\"added\": {}}]"}}, {"model": "admin.logentry", "pk": 65, "fields": {"action_time": "2022-08-18T07:06:44.023Z", "user": 3, "content_type": 12, "object_id": "40", "object_repr": "П051 ТД", "action_flag": 1, "change_message": "[{\"added\": {}}]"}}, {"model": "admin.logentry", "pk": 66, "fields": {"action_time": "2022-08-18T07:07:00.527Z", "user": 3, "content_type": 12, "object_id": "41", "object_repr": "И032 БУАнА", "action_flag": 1, "change_message": "[{\"added\": {}}]"}}, {"model": "admin.logentry", "pk": 67, "fields": {"action_time": "2022-08-18T07:07:15.055Z", "user": 3, "content_type": 12, "object_id": "42", "object_repr": "И051 ЭкБ", "action_flag": 1, "change_message": "[{\"added\": {}}]"}}, {"model": "admin.logentry", "pk": 68, "fields": {"action_time": "2022-08-18T07:08:11.019Z", "user": 3, "content_type": 12, "object_id": "43", "object_repr": "И931 ПИвЭ", "action_flag": 1, "change_message": "[{\"added\": {}}]"}}, {"model": "admin.logentry", "pk": 69, "fields": {"action_time": "2022-08-18T07:08:24.023Z", "user": 3, "content_type": 12, "object_id": "44", "object_repr": "И951 ЭкБ", "action_flag": 1, "change_message": "[{\"added\": {}}]"}}, {"model": "admin.logentry", "pk": 70, "fields": {"action_time": "2022-08-18T07:08:42.385Z", "user": 3, "content_type": 12, "object_id": "45", "object_repr": "Э931 ЭПиО", "action_flag": 1, "change_message": "[{\"added\": {}}]"}}, {"model": "admin.logentry", "pk": 71, "fields": {"action_time": "2022-08-18T07:09:10.391Z", "user": 3, "content_type": 12, "object_id": "46", "object_repr": "И831 ПИвЭ", "action_flag": 1, "change_message": "[{\"added\": {}}]"}}, {"model": "admin.logentry", "pk": 72, "fields": {"action_time": "2022-08-18T07:09:14.549Z", "user": 3, "content_type": 12, "object_id": "47", "object_repr": "И231 ПИвЭ", "action_flag": 1, "change_message": "[{\"added\": {}}]"}}, {"model": "admin.logentry", "pk": 73, "fields": {"action_time": "2022-08-18T07:09:35.592Z", "user": 3, "content_type": 12, "object_id": "48", "object_repr": "И832 БУиА", "action_flag": 1, "change_message": "[{\"added\": {}}]"}}, {"model": "admin.logentry", "pk": 74, "fields": {"action_time": "2022-08-18T07:09:40.269Z", "user": 3, "content_type": 12, "object_id": "49", "object_repr": "И232 БУиА", "action_flag": 1, "change_message": "[{\"added\": {}}]"}}, {"model": "admin.logentry", "pk": 75, "fields": {"action_time": "2022-08-18T07:10:25.151Z", "user": 3, "content_type": 12, "object_id": "50", "object_repr": "И251 ЭкБ", "action_flag": 1, "change_message": "[{\"added\": {}}]"}}, {"model": "admin.logentry", "pk": 76, "fields": {"action_time": "2022-08-18T07:10:35.473Z", "user": 3, "content_type": 12, "object_id": "51", "object_repr": "И252 ТД", "action_flag": 1, "change_message": "[{\"added\": {}}]"}}, {"model": "admin.logentry", "pk": 77, "fields": {"action_time": "2022-08-18T07:10:53.203Z", "user": 3, "content_type": 12, "object_id": "52", "object_repr": "И233 ПИвГИМУ", "action_flag": 1, "change_message": "[{\"added\": {}}]"}}, {"model": "admin.logentry", "pk": 78, "fields": {"action_time": "2022-08-18T07:11:04.529Z", "user": 3, "content_type": 12, "object_id": "53", "object_repr": "И232 БУАнА", "action_flag": 1, "change_message": "[{\"added\": {}}]"}}, {"model": "admin.logentry", "pk": 79, "fields": {"action_time": "2022-08-18T07:11:15.133Z", "user": 3, "content_type": 12, "object_id": "54", "object_repr": "П251 ТД", "action_flag": 1, "change_message": "[{\"added\": {}}]"}}, {"model": "admin.logentry", "pk": 80, "fields": {"action_time": "2022-08-18T07:14:06.327Z", "user": 3, "content_type": 12, "object_id": "55", "object_repr": "Р-131 РТ РСППиОС", "action_flag": 1, "change_message": "[{\"added\": {}}]"}}, {"model": "admin.logentry", "pk": 81, "fields": {"action_time": "2022-08-18T07:14:11.454Z", "user": 3, "content_type": 12, "object_id": "56", "object_repr": "Р-231 РТ РСППиОС", "action_flag": 1, "change_message": "[{\"added\": {}}]"}}, {"model": "admin.logentry", "pk": 82, "fields": {"action_time": "2022-08-18T07:14:17.783Z", "user": 3, "content_type": 12, "object_id": "57", "object_repr": "Р-031 РТ РСППиОС", "action_flag": 1, "change_message": "[{\"added\": {}}]"}}, {"model": "admin.logentry", "pk": 83, "fields": {"action_time": "2022-08-18T07:14:23.215Z", "user": 3, "content_type": 12, "object_id": "58", "object_repr": "Р-931 РТ РСППиОС", "action_flag": 1, "change_message": "[{\"added\": {}}]"}}, {"model": "admin.logentry", "pk": 84, "fields": {"action_time": "2022-08-18T07:14:29.414Z", "user": 3, "content_type": 12, "object_id": "59", "object_repr": "Р-831 РТ РСППиОС", "action_flag": 1, "change_message": "[{\"added\": {}}]"}}, {"model": "admin.logentry", "pk": 85, "fields": {"action_time": "2022-08-18T07:15:07.976Z", "user": 3, "content_type": 12, "object_id": "60", "object_repr": "Р151 РЭСиК", "action_flag": 1, "change_message": "[{\"added\": {}}]"}}, {"model": "admin.logentry", "pk": 86, "fields": {"action_time": "2022-08-18T07:15:13.465Z", "user": 3, "content_type": 12, "object_id": "61", "object_repr": "Р251 РЭСиК", "action_flag": 1, "change_message": "[{\"added\": {}}]"}}, {"model": "admin.logentry", "pk": 87, "fields": {"action_time": "2022-08-18T07:15:18.472Z", "user": 3, "content_type": 12, "object_id": "62", "object_repr": "Р051 РЭСиК", "action_flag": 1, "change_message": "[{\"added\": {}}]"}}, {"model": "admin.logentry", "pk": 88, "fields": {"action_time": "2022-08-18T07:15:24.510Z", "user": 3, "content_type": 12, "object_id": "63", "object_repr": "Р951 РЭСиК", "action_flag": 1, "change_message": "[{\"added\": {}}]"}}, {"model": "admin.logentry", "pk": 89, "fields": {"action_time": "2022-08-18T07:15:39.186Z", "user": 3, "content_type": 12, "object_id": "55", "object_repr": "Р131 РТ РСППиОС", "action_flag": 2, "change_message": "[{\"changed\": {\"fields\": [\"Name\"]}}]"}}, {"model": "admin.logentry", "pk": 90, "fields": {"action_time": "2022-08-18T07:15:43.504Z", "user": 3, "content_type": 12, "object_id": "56", "object_repr": "Р231 РТ РСППиОС", "action_flag": 2, "change_message": "[{\"changed\": {\"fields\": [\"Name\"]}}]"}}, {"model": "admin.logentry", "pk": 91, "fields": {"action_time": "2022-08-18T07:15:47.670Z", "user": 3, "content_type": 12, "object_id": "57", "object_repr": "Р031 РТ РСППиОС", "action_flag": 2, "change_message": "[{\"changed\": {\"fields\": [\"Name\"]}}]"}}, {"model": "admin.logentry", "pk": 92, "fields": {"action_time": "2022-08-18T07:15:51.712Z", "user": 3, "content_type": 12, "object_id": "58", "object_repr": "Р931 РТ РСППиОС", "action_flag": 2, "change_message": "[{\"changed\": {\"fields\": [\"Name\"]}}]"}}, {"model": "admin.logentry", "pk": 93, "fields": {"action_time": "2022-08-18T07:15:55.679Z", "user": 3, "content_type": 12, "object_id": "59", "object_repr": "Р831 РТ РСППиОС", "action_flag": 2, "change_message": "[{\"changed\": {\"fields\": [\"Name\"]}}]"}}, {"model": "admin.logentry", "pk": 94, "fields": {"action_time": "2022-08-18T07:16:06.809Z", "user": 3, "content_type": 12, "object_id": "63", "object_repr": "Р951 РЭСиК", "action_flag": 2, "change_message": "[]"}}, {"model": "admin.logentry", "pk": 95, "fields": {"action_time": "2022-08-18T07:16:12.963Z", "user": 3, "content_type": 12, "object_id": "64", "object_repr": "Р851 РЭСиК", "action_flag": 1, "change_message": "[{\"added\": {}}]"}}, {"model": "admin.logentry", "pk": 96, "fields": {"action_time": "2022-08-18T07:17:12.061Z", "user": 3, "content_type": 12, "object_id": "65", "object_repr": "Р934 БТСиТ БиМАС", "action_flag": 1, "change_message": "[{\"added\": {}}]"}}, {"model": "admin.logentry", "pk": 97, "fields": {"action_time": "2022-08-18T07:17:17.506Z", "user": 3, "content_type": 12, "object_id": "66", "object_repr": "Р834 БТСиТ БиМАС", "action_flag": 1, "change_message": "[{\"added\": {}}]"}}, {"model": "admin.logentry", "pk": 98, "fields": {"action_time": "2022-08-18T07:17:23.529Z", "user": 3, "content_type": 12, "object_id": "67", "object_repr": "Р234 БТСиТ БиМАС", "action_flag": 1, "change_message": "[{\"added\": {}}]"}}, {"model": "admin.logentry", "pk": 99, "fields": {"action_time": "2022-08-18T07:19:58.132Z", "user": 3, "content_type": 12, "object_id": "68", "object_repr": "Г136 ЗК", "action_flag": 1, "change_message": "[{\"added\": {}}]"}}, {"model": "admin.logentry", "pk": 100, "fields": {"action_time": "2022-08-18T07:20:07.386Z", "user": 3, "content_type": 12, "object_id": "69", "object_repr": "Г036 ЗК", "action_flag": 1, "change_message": "[{\"added\": {}}]"}}, {"model": "admin.logentry", "pk": 101, "fields": {"action_time": "2022-08-18T07:20:13.653Z", "user": 3, "content_type": 12, "object_id": "70", "object_repr": "Г236 ЗК", "action_flag": 1, "change_message": "[{\"added\": {}}]"}}, {"model": "admin.logentry", "pk": 102, "fields": {"action_time": "2022-08-18T07:20:19.026Z", "user": 3, "content_type": 12, "object_id": "71", "object_repr": "Г936 ЗК", "action_flag": 1, "change_message": "[{\"added\": {}}]"}}, {"model": "admin.logentry", "pk": 103, "fields": {"action_time": "2022-08-18T07:20:46.204Z", "user": 3, "content_type": 12, "object_id": "72", "object_repr": "Г131 ЗВЧС", "action_flag": 1, "change_message": "[{\"added\": {}}]"}}, {"model": "admin.logentry", "pk": 104, "fields": {"action_time": "2022-08-18T07:20:52.156Z", "user": 3, "content_type": 12, "object_id": "73", "object_repr": "Г031 ЗВЧС", "action_flag": 1, "change_message": "[{\"added\": {}}]"}}, {"model": "admin.logentry", "pk": 105, "fields": {"action_time": "2022-08-18T07:20:57.765Z", "user": 3, "content_type": 12, "object_id": "74", "object_repr": "Г931 ЗВЧС", "action_flag": 1, "change_message": "[{\"added\": {}}]"}}, {"model": "admin.logentry", "pk": 106, "fields": {"action_time": "2022-08-18T07:21:03.071Z", "user": 3, "content_type": 12, "object_id": "75", "object_repr": "Г231 ЗВЧС", "action_flag": 1, "change_message": "[{\"added\": {}}]"}}, {"model": "admin.logentry", "pk": 107, "fields": {"action_time": "2022-08-18T07:21:15.892Z", "user": 3, "content_type": 12, "object_id": "76", "object_repr": "Г132 БНиГС", "action_flag": 1, "change_message": "[{\"added\": {}}]"}}, {"model": "admin.logentry", "pk": 108, "fields": {"action_time": "2022-08-18T07:21:20.212Z", "user": 3, "content_type": 12, "object_id": "77", "object_repr": "Г232 БНиГС", "action_flag": 1, "change_message": "[{\"added\": {}}]"}}, {"model": "admin.logentry", "pk": 109, "fields": {"action_time": "2022-08-18T07:21:26.198Z", "user": 3, "content_type": 12, "object_id": "78", "object_repr": "Г032 БНиГС", "action_flag": 1, "change_message": "[{\"added\": {}}]"}}, {"model": "admin.logentry", "pk": 110, "fields": {"action_time": "2022-08-18T07:21:31.386Z", "user": 3, "content_type": 12, "object_id": "79", "object_repr": "Г932 БНиГС", "action_flag": 1, "change_message": "[{\"added\": {}}]"}}, {"model": "admin.logentry", "pk": 111, "fields": {"action_time": "2022-08-18T07:21:42.910Z", "user": 3, "content_type": 12, "object_id": "80", "object_repr": "Г134 ЭиООТиХНГиПП", "action_flag": 1, "change_message": "[{\"added\": {}}]"}}, {"model": "admin.logentry", "pk": 112, "fields": {"action_time": "2022-08-18T07:21:47.785Z", "user": 3, "content_type": 12, "object_id": "81", "object_repr": "Г234 ЭиООТиХНГиПП", "action_flag": 1, "change_message": "[{\"added\": {}}]"}}, {"model": "admin.logentry", "pk": 113, "fields": {"action_time": "2022-08-18T07:22:00.343Z", "user": 3, "content_type": 12, "object_id": "82", "object_repr": "Г034 ЭиООТиХНГиПП", "action_flag": 1, "change_message": "[{\"added\": {}}]"}}, {"model": "admin.logentry", "pk": 114, "fields": {"action_time": "2022-08-18T07:22:05.520Z", "user": 3, "content_type": 12, "object_id": "83", "object_repr": "Г934 ЭиООТиХНГиПП", "action_flag": 1, "change_message": "[{\"added\": {}}]"}}, {"model": "admin.logentry", "pk": 115, "fields": {"action_time": "2022-08-18T07:22:12.541Z", "user": 3, "content_type": 12, "object_id": "84", "object_repr": "Г834 ЭиООТиХНГиПП", "action_flag": 1, "change_message": "[{\"added\": {}}]"}}, {"model": "admin.logentry", "pk": 116, "fields": {"action_time": "2022-08-18T07:23:05.981Z", "user": 3, "content_type": 12, "object_id": "85", "object_repr": "Г831 ЗВЧС", "action_flag": 1, "change_message": "[{\"added\": {}}]"}}, {"model": "admin.logentry", "pk": 117, "fields": {"action_time": "2022-08-18T07:23:11.978Z", "user": 3, "content_type": 12, "object_id": "86", "object_repr": "Г832 БНиГС", "action_flag": 1, "change_message": "[{\"added\": {}}]"}}, {"model": "admin.logentry", "pk": 118, "fields": {"action_time": "2022-08-18T14:02:40.555Z", "user": 3, "content_type": 15, "object_id": "1", "object_repr": "Week object (1)", "action_flag": 1, "change_message": "[{\"added\": {}}]"}}, {"model": "admin.logentry", "pk": 119, "fields": {"action_time": "2022-08-18T14:02:45.406Z", "user": 3, "content_type": 15, "object_id": "2", "object_repr": "Week object (2)", "action_flag": 1, "change_message": "[{\"added\": {}}]"}}, {"model": "admin.logentry", "pk": 120, "fields": {"action_time": "2022-08-18T14:02:49.876Z", "user": 3, "content_type": 15, "object_id": "3", "object_repr": "Week object (3)", "action_flag": 1, "change_message": "[{\"added\": {}}]"}}, {"model": "admin.logentry", "pk": 121, "fields": {"action_time": "2022-08-18T14:02:52.738Z", "user": 3, "content_type": 15, "object_id": "4", "object_repr": "Week object (4)", "action_flag": 1, "change_message": "[{\"added\": {}}]"}}, {"model": "admin.logentry", "pk": 122, "fields": {"action_time": "2022-08-18T14:03:29.738Z", "user": 3, "content_type": 13, "object_id": "1", "object_repr": "Day object (1)", "action_flag": 1, "change_message": "[{\"added\": {}}]"}}, {"model": "admin.logentry", "pk": 123, "fields": {"action_time": "2022-08-18T14:03:33.302Z", "user": 3, "content_type": 13, "object_id": "2", "object_repr": "Day object (2)", "action_flag": 1, "change_message": "[{\"added\": {}}]"}}, {"model": "admin.logentry", "pk": 124, "fields": {"action_time": "2022-08-18T14:03:36.595Z", "user": 3, "content_type": 13, "object_id": "3", "object_repr": "Day object (3)", "action_flag": 1, "change_message": "[{\"added\": {}}]"}}, {"model": "admin.logentry", "pk": 125, "fields": {"action_time": "2022-08-18T14:03:40.035Z", "user": 3, "content_type": 13, "object_id": "4", "object_repr": "Day object (4)", "action_flag": 1, "change_message": "[{\"added\": {}}]"}}, {"model": "admin.logentry", "pk": 126, "fields": {"action_time": "2022-08-18T14:03:43.258Z", "user": 3, "content_type": 13, "object_id": "5", "object_repr": "Day object (5)", "action_flag": 1, "change_message": "[{\"added\": {}}]"}}, {"model": "admin.logentry", "pk": 127, "fields": {"action_time": "2022-08-18T14:03:47.205Z", "user": 3, "content_type": 13, "object_id": "6", "object_repr": "Day object (6)", "action_flag": 1, "change_message": "[{\"added\": {}}]"}}, {"model": "admin.logentry", "pk": 128, "fields": {"action_time": "2022-08-18T14:19:14.163Z", "user": 3, "content_type": 14, "object_id": "1", "object_repr": "лк. зач.", "action_flag": 1, "change_message": "[{\"added\": {}}]"}}, {"model": "admin.logentry", "pk": 129, "fields": {"action_time": "2022-08-20T14:09:46.552Z", "user": 3, "content_type": 10, "object_id": "6", "object_repr": "tom", "action_flag": 3, "change_message": ""}}, {"model": "auth.permission", "pk": 1, "fields": {"name": "Can add log entry", "content_type": 1, "codename": "add_logentry"}}, {"model": "auth.permission", "pk": 2, "fields": {"name": "Can change log entry", "content_type": 1, "codename": "change_logentry"}}, {"model": "auth.permission", "pk": 3, "fields": {"name": "Can delete log entry", "content_type": 1, "codename": "delete_logentry"}}, {"model": "auth.permission", "pk": 4, "fields": {"name": "Can view log entry", "content_type": 1, "codename": "view_logentry"}}, {"model": "auth.permission", "pk": 5, "fields": {"name": "Can add permission", "content_type": 2, "codename": "add_permission"}}, {"model": "auth.permission", "pk": 6, "fields": {"name": "Can change permission", "content_type": 2, "codename": "change_permission"}}, {"model": "auth.permission", "pk": 7, "fields": {"name": "Can delete permission", "content_type": 2, "codename": "delete_permission"}}, {"model": "auth.permission", "pk": 8, "fields": {"name": "Can view permission", "content_type": 2, "codename": "view_permission"}}, {"model": "auth.permission", "pk": 9, "fields": {"name": "Can add group", "content_type": 3, "codename": "add_group"}}, {"model": "auth.permission", "pk": 10, "fields": {"name": "Can change group", "content_type": 3, "codename": "change_group"}}, {"model": "auth.permission", "pk": 11, "fields": {"name": "Can delete group", "content_type": 3, "codename": "delete_group"}}, {"model": "auth.permission", "pk": 12, "fields": {"name": "Can view group", "content_type": 3, "codename": "view_group"}}, {"model": "auth.permission", "pk": 13, "fields": {"name": "Can add content type", "content_type": 4, "codename": "add_contenttype"}}, {"model": "auth.permission", "pk": 14, "fields": {"name": "Can change content type", "content_type": 4, "codename": "change_contenttype"}}, {"model": "auth.permission", "pk": 15, "fields": {"name": "Can delete content type", "content_type": 4, "codename": "delete_contenttype"}}, {"model": "auth.permission", "pk": 16, "fields": {"name": "Can view content type", "content_type": 4, "codename": "view_contenttype"}}, {"model": "auth.permission", "pk": 17, "fields": {"name": "Can add session", "content_type": 5, "codename": "add_session"}}, {"model": "auth.permission", "pk": 18, "fields": {"name": "Can change session", "content_type": 5, "codename": "change_session"}}, {"model": "auth.permission", "pk": 19, "fields": {"name": "Can delete session", "content_type": 5, "codename": "delete_session"}}, {"model": "auth.permission", "pk": 20, "fields": {"name": "Can view session", "content_type": 5, "codename": "view_session"}}, {"model": "auth.permission", "pk": 21, "fields": {"name": "Can add Token", "content_type": 6, "codename": "add_token"}}, {"model": "auth.permission", "pk": 22, "fields": {"name": "Can change Token", "content_type": 6, "codename": "change_token"}}, {"model": "auth.permission", "pk": 23, "fields": {"name": "Can delete Token", "content_type": 6, "codename": "delete_token"}}, {"model": "auth.permission", "pk": 24, "fields": {"name": "Can view Token", "content_type": 6, "codename": "view_token"}}, {"model": "auth.permission", "pk": 25, "fields": {"name": "Can add token", "content_type": 7, "codename": "add_tokenproxy"}}, {"model": "auth.permission", "pk": 26, "fields": {"name": "Can change token", "content_type": 7, "codename": "change_tokenproxy"}}, {"model": "auth.permission", "pk": 27, "fields": {"name": "Can delete token", "content_type": 7, "codename": "delete_tokenproxy"}}, {"model": "auth.permission", "pk": 28, "fields": {"name": "Can view token", "content_type": 7, "codename": "view_tokenproxy"}}, {"model": "auth.permission", "pk": 29, "fields": {"name": "Can add schedules", "content_type": 8, "codename": "add_schedules"}}, {"model": "auth.permission", "pk": 30, "fields": {"name": "Can change schedules", "content_type": 8, "codename": "change_schedules"}}, {"model": "auth.permission", "pk": 31, "fields": {"name": "Can delete schedules", "content_type": 8, "codename": "delete_schedules"}}, {"model": "auth.permission", "pk": 32, "fields": {"name": "Can view schedules", "content_type": 8, "codename": "view_schedules"}}, {"model": "auth.permission", "pk": 33, "fields": {"name": "Can add number week", "content_type": 9, "codename": "add_numberweek"}}, {"model": "auth.permission", "pk": 34, "fields": {"name": "Can change number week", "content_type": 9, "codename": "change_numberweek"}}, {"model": "auth.permission", "pk": 35, "fields": {"name": "Can delete number week", "content_type": 9, "codename": "delete_numberweek"}}, {"model": "auth.permission", "pk": 36, "fields": {"name": "Can view number week", "content_type": 9, "codename": "view_numberweek"}}, {"model": "auth.permission", "pk": 37, "fields": {"name": "Can add user", "content_type": 10, "codename": "add_customuser"}}, {"model": "auth.permission", "pk": 38, "fields": {"name": "Can change user", "content_type": 10, "codename": "change_customuser"}}, {"model": "auth.permission", "pk": 39, "fields": {"name": "Can delete user", "content_type": 10, "codename": "delete_customuser"}}, {"model": "auth.permission", "pk": 40, "fields": {"name": "Can view user", "content_type": 10, "codename": "view_customuser"}}, {"model": "auth.permission", "pk": 41, "fields": {"name": "Can add faculty", "content_type": 11, "codename": "add_faculty"}}, {"model": "auth.permission", "pk": 42, "fields": {"name": "Can change faculty", "content_type": 11, "codename": "change_faculty"}}, {"model": "auth.permission", "pk": 43, "fields": {"name": "Can delete faculty", "content_type": 11, "codename": "delete_faculty"}}, {"model": "auth.permission", "pk": 44, "fields": {"name": "Can view faculty", "content_type": 11, "codename": "view_faculty"}}, {"model": "auth.permission", "pk": 45, "fields": {"name": "Can add group", "content_type": 12, "codename": "add_group"}}, {"model": "auth.permission", "pk": 46, "fields": {"name": "Can change group", "content_type": 12, "codename": "change_group"}}, {"model": "auth.permission", "pk": 47, "fields": {"name": "Can delete group", "content_type": 12, "codename": "delete_group"}}, {"model": "auth.permission", "pk": 48, "fields": {"name": "Can view group", "content_type": 12, "codename": "view_group"}}, {"model": "auth.permission", "pk": 49, "fields": {"name": "Can add day", "content_type": 13, "codename": "add_day"}}, {"model": "auth.permission", "pk": 50, "fields": {"name": "Can change day", "content_type": 13, "codename": "change_day"}}, {"model": "auth.permission", "pk": 51, "fields": {"name": "Can delete day", "content_type": 13, "codename": "delete_day"}}, {"model": "auth.permission", "pk": 52, "fields": {"name": "Can view day", "content_type": 13, "codename": "view_day"}}, {"model": "auth.permission", "pk": 53, "fields": {"name": "Can add type", "content_type": 14, "codename": "add_type"}}, {"model": "auth.permission", "pk": 54, "fields": {"name": "Can change type", "content_type": 14, "codename": "change_type"}}, {"model": "auth.permission", "pk": 55, "fields": {"name": "Can delete type", "content_type": 14, "codename": "delete_type"}}, {"model": "auth.permission", "pk": 56, "fields": {"name": "Can view type", "content_type": 14, "codename": "view_type"}}, {"model": "auth.permission", "pk": 57, "fields": {"name": "Can add week", "content_type": 15, "codename": "add_week"}}, {"model": "auth.permission", "pk": 58, "fields": {"name": "Can change week", "content_type": 15, "codename": "change_week"}}, {"model": "auth.permission", "pk": 59, "fields": {"name": "Can delete week", "content_type": 15, "codename": "delete_week"}}, {"model": "auth.permission", "pk": 60, "fields": {"name": "Can view week", "content_type": 15, "codename": "view_week"}}, {"model": "auth.permission", "pk": 61, "fields": {"name": "Can add schedule", "content_type": 16, "codename": "add_schedule"}}, {"model": "auth.permission", "pk": 62, "fields": {"name": "Can change schedule", "content_type": 16, "codename": "change_schedule"}}, {"model": "auth.permission", "pk": 63, "fields": {"name": "Can delete schedule", "content_type": 16, "codename": "delete_schedule"}}, {"model": "auth.permission", "pk": 64, "fields": {"name": "Can view schedule", "content_type": 16, "codename": "view_schedule"}}, {"model": "contenttypes.contenttype", "pk": 1, "fields": {"app_label": "admin", "model": "logentry"}}, {"model": "contenttypes.contenttype", "pk": 2, "fields": {"app_label": "auth", "model": "permission"}}, {"model": "contenttypes.contenttype", "pk": 3, "fields": {"app_label": "auth", "model": "group"}}, {"model": "contenttypes.contenttype", "pk": 4, "fields": {"app_label": "contenttypes", "model": "contenttype"}}, {"model": "contenttypes.contenttype", "pk": 5, "fields": {"app_label": "sessions", "model": "session"}}, {"model": "contenttypes.contenttype", "pk": 6, "fields": {"app_label": "authtoken", "model": "token"}}, {"model": "contenttypes.contenttype", "pk": 7, "fields": {"app_label": "authtoken", "model": "tokenproxy"}}, {"model": "contenttypes.contenttype", "pk": 8, "fields": {"app_label": "api", "model": "schedules"}}, {"model": "contenttypes.contenttype", "pk": 9, "fields": {"app_label": "api", "model": "numberweek"}}, {"model": "contenttypes.contenttype", "pk": 10, "fields": {"app_label": "users", "model": "customuser"}}, {"model": "contenttypes.contenttype", "pk": 11, "fields": {"app_label": "users", "model": "faculty"}}, {"model": "contenttypes.contenttype", "pk": 12, "fields": {"app_label": "users", "model": "group"}}, {"model": "contenttypes.contenttype", "pk": 13, "fields": {"app_label": "api", "model": "day"}}, {"model": "contenttypes.contenttype", "pk": 14, "fields": {"app_label": "api", "model": "type"}}, {"model": "contenttypes.contenttype", "pk": 15, "fields": {"app_label": "api", "model": "week"}}, {"model": "contenttypes.contenttype", "pk": 16, "fields": {"app_label": "api", "model": "schedule"}}, {"model": "sessions.session", "pk": "4b9bnh5v0cedmjfjx5rse9syj9vb7bs7", "fields": {"session_data": ".eJxVjEsOwjAMBe-SNYryQU7Ckj1niOzYpgXUSv2sKu4OlbqA7ZuZt5mK69LVdZap9mwuJprT70bYnjLsgB843EfbxmGZerK7Yg8629vI8roe7t9Bh3P3rR2pOsw-S9R41lA4RFRJ7FOjRCWjD4AONYGEBgUog3IrCEjiOJv3BwPwOPs:1oONV3:qAH3LntSsKhctj2AU4SGmqBwZp2DZw60TUqX64Wg4oQ", "expire_date": "2022-08-31T18:10:41.656Z"}}, {"model": "api.week", "pk": 1, "fields": {"name": "1 Неделя"}}, {"model": "api.week", "pk": 2, "fields": {"name": "2 Неделя"}}, {"model": "api.week", "pk": 3, "fields": {"name": "3 Неделя"}}, {"model": "api.week", "pk": 4, "fields": {"name": "4 Неделя"}}, {"model": "api.type", "pk": 1, "fields": {"name": "лк. зач."}}, {"model": "api.day", "pk": 1, "fields": {"name": "Понедельник"}}, {"model": "api.day", "pk": 2, "fields": {"name": "Вторник"}}, {"model": "api.day", "pk": 3, "fields": {"name": "Среда"}}, {"model": "api.day", "pk": 4, "fields": {"name": "Четверг"}}, {"model": "api.day", "pk": 5, "fields": {"name": "Пятнца"}}, {"model": "api.day", "pk": 6, "fields": {"name": "Суббота"}}, {"model": "api.schedule", "pk": 1, "fields": {"number_pair": 1, "subject": "ООП", "teacher": "Джанмурзаев А. А.", "audience": "10 зал", "week": 1, "group": 3, "type_pair": 1, "day": 1}}, {"model": "api.schedule", "pk": 2, "fields": {"number_pair": 2, "subject": "История", "teacher": "Агамов З. Г.", "audience": "8 зал", "week": 1, "group": 3, "type_pair": 1, "day": 1}}, {"model": "api.schedule", "pk": 3, "fields": {"number_pair": 3, "subject": "Физика", "teacher": "Агамов З. Г.", "audience": "8 зал", "week": 1, "group": 3, "type_pair": 1, "day": 1}}, {"model": "users.customuser", "pk": 3, "fields": {"password": "pbkdf2_sha256$320000$A7253se02Ucgr7XxUsWMDi$nQjSi21ig+xc1v24Zd8X/EpIscmJtjWnypFCqGZBtfE=", "last_login": "2022-08-16T09:21:58.105Z", "is_superuser": true, "first_name": "", "last_name": "", "is_staff": true, "is_active": true, "date_joined": "2022-08-16T09:18:34.617Z", "username": "root", "group": 4, "email": "root@root.ru", "groups": [], "user_permissions": []}}, {"model": "users.faculty", "pk": 2, "fields": {"name": "ФКТВТиЭ"}}, {"model": "users.faculty", "pk": 3, "fields": {"name": "ФИСвЭиУ"}}, {"model": "users.faculty", "pk": 4, "fields": {"name": "ФРТиМТ"}}, {"model": "users.faculty", "pk": 5, "fields": {"name": "ФНГиП"}}, {"model": "users.faculty", "pk": 6, "fields": {"name": "ФПиУТ"}}, {"model": "users.faculty", "pk": 7, "fields": {"name": "АСФ"}}, {"model": "users.faculty", "pk": 8, "fields": {"name": "ТФ"}}, {"model": "users.faculty", "pk": 9, "fields": {"name": "ФМП"}}, {"model": "users.faculty", "pk": 10, "fields": {"name": "ФСПО"}}, {"model": "users.faculty", "pk": 11, "fields": {"name": "Филиал в г. Каспийске"}}, {"model": "users.faculty", "pk": 12, "fields": {"name": "Филиал в г. Дербенте"}}, {"model": "users.faculty", "pk": 13, "fields": {"name": "Филиал в г. Кизляре"}}, {"model": "users.faculty", "pk": 14, "fields": {"name": "root"}}, {"model": "users.group", "pk": 2, "fields": {"name": "У933 РПИС", "faculty": 2}}, {"model": "users.group", "pk": 3, "fields": {"name": "У936 БАС", "faculty": 2}}, {"model": "users.group", "pk": 4, "fields": {"name": "root", "faculty": 14}}, {"model": "users.group", "pk": 5, "fields": {"name": "У033 РПИС", "faculty": 2}}, {"model": "users.group", "pk": 6, "fields": {"name": "У133 РПИС", "faculty": 2}}, {"model": "users.group", "pk": 7, "fields": {"name": "У233 РПИС", "faculty": 2}}, {"model": "users.group", "pk": 8, "fields": {"name": "У851 ИБАС", "faculty": 2}}, {"model": "users.group", "pk": 9, "fields": {"name": "У951 ИБАС", "faculty": 2}}, {"model": "users.group", "pk": 10, "fields": {"name": "У051 ИБАС", "faculty": 2}}, {"model": "users.group", "pk": 11, "fields": {"name": "У151 ИБАС", "faculty": 2}}, {"model": "users.group", "pk": 12, "fields": {"name": "У251 ИБАС", "faculty": 2}}, {"model": "users.group", "pk": 13, "fields": {"name": "У136 БАС", "faculty": 2}}, {"model": "users.group", "pk": 14, "fields": {"name": "У135 ЭЭСиС", "faculty": 2}}, {"model": "users.group", "pk": 15, "fields": {"name": "У035 ЭЭСиС", "faculty": 2}}, {"model": "users.group", "pk": 16, "fields": {"name": "У935 ЭЭСиС", "faculty": 2}}, {"model": "users.group", "pk": 17, "fields": {"name": "У835 ЭЭСиС", "faculty": 2}}, {"model": "users.group", "pk": 18, "fields": {"name": "У235 ЭЭСиС", "faculty": 2}}, {"model": "users.group", "pk": 19, "fields": {"name": "У132 ВМКСиС", "faculty": 2}}, {"model": "users.group", "pk": 20, "fields": {"name": "У232 ВМКСиС", "faculty": 2}}, {"model": "users.group", "pk": 21, "fields": {"name": "У032 ВМКСиС", "faculty": 2}}, {"model": "users.group", "pk": 22, "fields": {"name": "У932 ВМКСиС", "faculty": 2}}, {"model": "users.group", "pk": 23, "fields": {"name": "У832 ВМКСиС", "faculty": 2}}, {"model": "users.group", "pk": 24, "fields": {"name": "У134 СПиКТ", "faculty": 2}}, {"model": "users.group", "pk": 25, "fields": {"name": "У034 СПиКТ", "faculty": 2}}, {"model": "users.group", "pk": 26, "fields": {"name": "У234 СПиКТ", "faculty": 2}}, {"model": "users.group", "pk": 27, "fields": {"name": "У934 СПиКТ", "faculty": 2}}, {"model": "users.group", "pk": 28, "fields": {"name": "У834 СПиКТ", "faculty": 2}}, {"model": "users.group", "pk": 29, "fields": {"name": "У931 УиТС", "faculty": 2}}, {"model": "users.group", "pk": 30, "fields": {"name": "У831 УиТС", "faculty": 2}}, {"model": "users.group", "pk": 31, "fields": {"name": "У231 УиТС", "faculty": 2}}, {"model": "users.group", "pk": 32, "fields": {"name": "У236 БАС", "faculty": 2}}, {"model": "users.group", "pk": 33, "fields": {"name": "И133 ПИвГИМУ", "faculty": 3}}, {"model": "users.group", "pk": 34, "fields": {"name": "И133 ПИвЭ", "faculty": 3}}, {"model": "users.group", "pk": 35, "fields": {"name": "И152 ТД", "faculty": 3}}, {"model": "users.group", "pk": 36, "fields": {"name": "И132 БУАиА", "faculty": 3}}, {"model": "users.group", "pk": 37, "fields": {"name": "И134 ЭПиО", "faculty": 3}}, {"model": "users.group", "pk": 38, "fields": {"name": "Э032 ПИвГИМУ", "faculty": 3}}, {"model": "users.group", "pk": 39, "fields": {"name": "И031 ПИвЭ", "faculty": 3}}, {"model": "users.group", "pk": 40, "fields": {"name": "П051 ТД", "faculty": 3}}, {"model": "users.group", "pk": 41, "fields": {"name": "И032 БУАнА", "faculty": 3}}, {"model": "users.group", "pk": 42, "fields": {"name": "И051 ЭкБ", "faculty": 3}}, {"model": "users.group", "pk": 43, "fields": {"name": "И931 ПИвЭ", "faculty": 3}}, {"model": "users.group", "pk": 44, "fields": {"name": "И951 ЭкБ", "faculty": 3}}, {"model": "users.group", "pk": 45, "fields": {"name": "Э931 ЭПиО", "faculty": 3}}, {"model": "users.group", "pk": 46, "fields": {"name": "И831 ПИвЭ", "faculty": 3}}, {"model": "users.group", "pk": 47, "fields": {"name": "И231 ПИвЭ", "faculty": 3}}, {"model": "users.group", "pk": 48, "fields": {"name": "И832 БУиА", "faculty": 3}}, {"model": "users.group", "pk": 49, "fields": {"name": "И232 БУиА", "faculty": 3}}, {"model": "users.group", "pk": 50, "fields": {"name": "И251 ЭкБ", "faculty": 3}}, {"model": "users.group", "pk": 51, "fields": {"name": "И252 ТД", "faculty": 3}}, {"model": "users.group", "pk": 52, "fields": {"name": "И233 ПИвГИМУ", "faculty": 3}}, {"model": "users.group", "pk": 53, "fields": {"name": "И232 БУАнА", "faculty": 3}}, {"model": "users.group", "pk": 54, "fields": {"name": "П251 ТД", "faculty": 3}}, {"model": "users.group", "pk": 55, "fields": {"name": "Р131 РТ РСППиОС", "faculty": 4}}, {"model": "users.group", "pk": 56, "fields": {"name": "Р231 РТ РСППиОС", "faculty": 4}}, {"model": "users.group", "pk": 57, "fields": {"name": "Р031 РТ РСППиОС", "faculty": 4}}, {"model": "users.group", "pk": 58, "fields": {"name": "Р931 РТ РСППиОС", "faculty": 4}}, {"model": "users.group", "pk": 59, "fields": {"name": "Р831 РТ РСППиОС", "faculty": 4}}, {"model": "users.group", "pk": 60, "fields": {"name": "Р151 РЭСиК", "faculty": 4}}, {"model": "users.group", "pk": 61, "fields": {"name": "Р251 РЭСиК", "faculty": 4}}, {"model": "users.group", "pk": 62, "fields": {"name": "Р051 РЭСиК", "faculty": 4}}, {"model": "users.group", "pk": 63, "fields": {"name": "Р951 РЭСиК", "faculty": 4}}, {"model": "users.group", "pk": 64, "fields": {"name": "Р851 РЭСиК", "faculty": 4}}, {"model": "users.group", "pk": 65, "fields": {"name": "Р934 БТСиТ БиМАС", "faculty": 4}}, {"model": "users.group", "pk": 66, "fields": {"name": "Р834 БТСиТ БиМАС", "faculty": 4}}, {"model": "users.group", "pk": 67, "fields": {"name": "Р234 БТСиТ БиМАС", "faculty": 4}}, {"model": "users.group", "pk": 68, "fields": {"name": "Г136 ЗК", "faculty": 5}}, {"model": "users.group", "pk": 69, "fields": {"name": "Г036 ЗК", "faculty": 5}}, {"model": "users.group", "pk": 70, "fields": {"name": "Г236 ЗК", "faculty": 5}}, {"model": "users.group", "pk": 71, "fields": {"name": "Г936 ЗК", "faculty": 5}}, {"model": "users.group", "pk": 72, "fields": {"name": "Г131 ЗВЧС", "faculty": 5}}, {"model": "users.group", "pk": 73, "fields": {"name": "Г031 ЗВЧС", "faculty": 5}}, {"model": "users.group", "pk": 74, "fields": {"name": "Г931 ЗВЧС", "faculty": 5}}, {"model": "users.group", "pk": 75, "fields": {"name": "Г231 ЗВЧС", "faculty": 5}}, {"model": "users.group", "pk": 76, "fields": {"name": "Г132 БНиГС", "faculty": 5}}, {"model": "users.group", "pk": 77, "fields": {"name": "Г232 БНиГС", "faculty": 5}}, {"model": "users.group", "pk": 78, "fields": {"name": "Г032 БНиГС", "faculty": 5}}, {"model": "users.group", "pk": 79, "fields": {"name": "Г932 БНиГС", "faculty": 5}}, {"model": "users.group", "pk": 80, "fields": {"name": "Г134 ЭиООТиХНГиПП", "faculty": 5}}, {"model": "users.group", "pk": 81, "fields": {"name": "Г234 ЭиООТиХНГиПП", "faculty": 5}}, {"model": "users.group", "pk": 82, "fields": {"name": "Г034 ЭиООТиХНГиПП", "faculty": 5}}, {"model": "users.group", "pk": 83, "fields": {"name": "Г934 ЭиООТиХНГиПП", "faculty": 5}}, {"model": "users.group", "pk": 84, "fields": {"name": "Г834 ЭиООТиХНГиПП", "faculty": 5}}, {"model": "users.group", "pk": 85, "fields": {"name": "Г831 ЗВЧС", "faculty": 5}}, {"model": "users.group", "pk": 86, "fields": {"name": "Г832 БНиГС", "faculty": 5}}]